{"cameraMode":{"drawMode":2,"name":"Shaded Wireframe","section":"Shading Mode"},"sceneLighting":true,"audioPlay":false,"sceneViewState":{"showFog":true,"showMaterialUpdate":false,"showSkybox":true,"showFlares":true,"showImageEffects":true,"showParticleSystems":true,"showVisualEffectGraphs":true,"m_FxEnabled":true},"in2DMode":false,"pivot":{"x":-1.4841374158859254,"y":101.67029571533203,"z":-18.064870834350587},"rotation":{"x":-0.6487393379211426,"y":0.0018282915698364378,"z":-0.0015481029404327274,"w":-0.7610331773757935},"size":12.192512512207032,"orthographic":false}