{"cameraMode":{"drawMode":0,"name":"Shaded","section":"Shading Mode"},"sceneLighting":true,"audioPlay":false,"sceneViewState":{"showFog":true,"showMaterialUpdate":false,"showSkybox":true,"showFlares":true,"showImageEffects":true,"showParticleSystems":true,"showVisualEffectGraphs":true,"m_FxEnabled":true},"in2DMode":false,"pivot":{"x":-4.810237884521484,"y":-20.329376220703126,"z":-28.527408599853517},"rotation":{"x":-0.681223452091217,"y":0.0006630800780840218,"z":-0.0006021203589625657,"w":-0.7321072220802307},"size":259.5140380859375,"orthographic":false}