{"cameraMode":{"drawMode":0,"name":"Shaded","section":"Shading Mode"},"sceneLighting":true,"audioPlay":false,"sceneViewState":{"showFog":true,"showMaterialUpdate":false,"showSkybox":true,"showFlares":true,"showImageEffects":true,"showParticleSystems":true,"showVisualEffectGraphs":true,"m_FxEnabled":true},"in2DMode":false,"pivot":{"x":-207.05772399902345,"y":7.814935684204102,"z":1.7601609230041505},"rotation":{"x":-0.48209941387176516,"y":-0.013407181017100811,"z":0.007376138586550951,"w":-0.8759923577308655},"size":4.166025161743164,"orthographic":false}